year,Observed
2000,14.59103114
2001,20.7455784
2002,6.782572569
2003,14.99463983
2004,20.40395371
2005,29.50134564
2006,14.10412618
