,year,Observed
50,2000,14.59103114
51,2001,20.7455784
52,2002,6.782572569
53,2003,14.99463983
54,2004,20.40395371
55,2005,29.50134564
56,2006,14.10412618
